Language,Name,URL,E-mail
English,2tainment GmbH,www.2tainment.com,info@2tainment.com
English,42 Bits Entertainment,https://www.42bits-entertainment.com/,press@42bits-entertainment.com
English,5th Planet Games GmbH,https://www.5thplanetgames.com/,info@5thplanetgames.com
English,A.MUSE – Interactive Design Studio,www.amuse.vision,hello@amuse.vision
English,AAS Achtung Autobahn Studios UG,https://achtungautobahn.com/,info@achtungautobahn.com
English,About Cannons + Sparrows Gbr,www.acas.studio,kabooom@cannonsandsparrows.com
English,Actrio Studio UG,http://actrio-studio.de/,info@actrio-studio.de
English,Aesir Interactive GmbH,https://aesir-interactive.com/,hq@aesir-interactive.com
English,Ahoiii Entertainment UG,www.ahoiii.com,support@ahoiii.com
English,Airborn Studios GmbH,www.airborn-studios.com,info@airborn-studios.com
English,Alchemist Interactive GmbH,https://www.alchemist.email,contact@alchemist.email
English,Anaconda Game Studios,https://anacondagamestudios.com/,press-contact@anacondagamestudios.com
English,Andarion Games GmbH,https://www.andarion-games.com/,info@andarion-games.com
English,Andrade Games,https://andrade-games.com/,mail@andrade-games.com
English,Anomaly Games UG,https://fermi-paradox.carbonmade.com/,contact@fermi-paradox.com
English,anotherworld GmbH (AnotherWorld VR),http://anotherworldvr.com/,info@anotherworldvr.com
English,Anteater Games GmbH,www.anteater-games.com,contact@anteater-games.com
English,Area 1 GmbH,https://www.area1.one,info@area1.one
English,Arnold Rauers,www.tinytouchtales.com,hello@tintouchtales.com
English,ARQUOIA,arquoia.com,studio@arquoia.com
English,Ascendancy Games UG,https://ascendancygames.de,info@ascendancygames.de
English,AsgardSoft GmbH,https://asgardsoft.com,Service@AsgardSoft.com
English,Assemble Entertainment GmbH,www.assemble-entertainment.com,info@assemble-entertainment.com
English,Asylum Square Interactive GmbH,https://www.asylumsquare.com,contact@asylumsquare.com
English,Augmented Robotics GmbH,https://www.augmented-robotics.com/,info@augmented-robotics.com
English,B-Alive GmbH,www.b-alive.de,admin@b-alive.de
English,Backwoods Entertainment GbR,www.backwoods-entertainment.com,contact@backwoods-entertainment.com
English,Bad Monkee GmbH,www.badmonkee.de,info@badmonkee.de
English,Bagpack Games UG (haftungsbeschränkt),www.bagpack.games,mail@bagpack.games
English,Barrel Roll Games GmbH & Co. KG,barrelrollgames.com,contact@barrelrollgames.com
English,battyRabbit UG (haftungsbeschränkt),https://battyrabbit.com,contact@battyRabbit.com
English,BBG Entertainment GmbH,www.bbg-entertainment.com,info@bbg-entertainment.com
English,Beardshaker Games,www.beardshaker.com,contact@beardshaker.com
English,Benjamin Justice - BrutalHack,https://www.BrutalHack.com,contact@BrutalHack.com
English,Bigitec GmbH,http://www.bigitec.com,info@bigitec.com
English,BIGPOINT GMBH,www.bigpoint.com,press@bigpoint.net
English,BINJI CLASEN UND CLASEN GBR,www.binji.de,hello@binji.de
English,Bit Barons GmbH,www.bitbarons.com,info@bitbarons.com
English,bitComposer Interactive GmbH,www.bitcomposer.com,info@bitcomposer.com
English,Bite Through Entertainment UG,https://bitethrough.com/,info@bitethrough.com
English,Black Forest Games GmbH,black-forest-games.com,info@bfgames.biz
English,Black Pants Studio GmbH BERLIN,www.blackpants.de,mail@blackpants.de
English,blackHound GmbH,www.blackhoundstudios.com,hello@soulven.com
English,Blankhans GmbH,https://blankhans.io/,contact@blankhans.io
English,Bleakmill GmbH,http://www.bleakmill.com,hello@bleakmill.com
English,Bling Bling Games GmbH,blingblinggames.com,info@blingblinggames.com
English,Blue Ocean Entertainment AG,www.blue-ocean-ag.de,apps@blue-ocean-ag.de
English,Bonus Level Entertainment UG,http://bonuslevel.com/,info@bonuslevel.com
English,Boxelware GmbH,http://boxelware.de/,contact@avorion.net
English,Brain Connected,http://portaldogs.com,contact@portaldogs.com
English,Brainseed Factory e.K.,http://www.brainseed-factory.com,studio@brainseed-factory.com
English,Breakpoint One GmbH,https://www.breakpoint.one/,contact@breakpoint.one
English,Brew Games Hamburg GmbH,https://www.brew-games.com,info@brew-games.com
English,Bright Future GmbH,https://brightfuture.de,info@brightfuture.de
English,btf GmbH,https://btf.de,info@btf.de
English,Byteghoul UG,http://www.byteghoul.com,contact@byteghoul.com
English,Bytro Labs GmbH,www.bytro.com,info@bytro.com
English,celrage GmbH,www.celrage.com,info@celrage.com
English,Chasing Carrots GmbH & Co. KG,www.chasing-carrots.com,info@chasing-carrots.com
English,Chimera Entertainment GmbH,www.chimera-entertainment.de,info@chimera-entertainment.de
English,Classy Kitten Games UG,classykitten.games,contact@classykitten.games
English,Claymore Game Studios GmbH,https://claymore-games.com/,info@claymore-games.com
English,Clockwork Origins - Bonrath & Frenzel GbR,https://clockwork-origins.com,contact@clockwork-origins.com
English,Cloud Imperium Games Ltd.,www.cloudimperiumgames.com,info@cloudimperiumgames.com
English,ColdFire Games GmbH,http://www.coldfiregames.com/,info@coldfiregames.com
English,com8com1 Software,https://www.com8com1.com/,contact@com8com1.com
English,Competition Company GmbH (Rennsport.gg),https://www.rennsport.gg/,info@competition.company
English,cooee GmbH,https://www.clubcooee.com,info@clubcooee.com
English,core x group,www.core-x-group.com,contact@core-x-group.com
English,Couch in the Woods Interactive,https://couchinthewoods.de/,contact@couchinthewoods.de
English,Crafting Legends UG (haftungsbeschränkt),http://www.craftinglegends.com/,info@craftinglegends.com
English,CRATR.games GmbH,https://CRATR.games,contact@cratr.games
English,Crazy Labs,https://www.crazylabs.com,pr@crazylabs.com
English,CrazyBunch UG,www.crazybunch.biz,team@crazybunch.biz
English,Creactstudios GbR,creactstudios.com,info@creactstudios.de
English,CRENETIC GMBH STUDIOS,www.crenetic.de,info@crenetic.de
English,Cribster UG,https://www.cribster.biz,contact@cribster.biz
English,Crimson Company UG,https://www.crimsoncompany.cc/,crimsoncompany@gmx.net
English,Crit Crew GmbH,https://critcrew.com/,info@critcrew.com
English,Crows Crows Crows GmbH,https://crowscrowscrows.com/,hello@crowscrowscrows.com
English,CRUNCHY LEAF GAMES GMBH & CO. KG,http://www.crunchyleafgames.com/,hello@crunchylg.com
English,CrystalMesh UG (haftungsbeschränkt),http://crystalmesh.de/,contact@creatingcorner.de
English,Crytek GmbH,www.crytek.com,info@crytek.de
English,Cubidoo Entertainment UG,www.cubidoo.de,contact@cubidoo.de
English,Curvature Games GmbH,https://curvaturegames.com/,mail@curvaturegames.com
English,Cyber Manatee GmbH,https://cybermanatee.com/,info@cybermanatee.com
English,Cykyria – Virtual Reality,https://www.cykyria.com/,info@cykyria.de
English,Daedalic Entertainment GmbH,www.daedalic.com,info@daedalic.com
English,DECA LIVE OPERATIONS GMBH,http://decagames.com/#home,partner@decagames.com
English,Deck 13 Interactive GmbH,www.deck13.com,info@deck13.com
English,Deep Silver FISHLABS,www.dsfishlabs.com,business@dsfishlabs.com
English,DEFICIT Games GmbH,www.deficit-games.de,mail@deficit.games
English,Demodern GmbH Hamburg,https://demodern.de/,hi@demodern.de
English,designmatic GmbH,https://www.designmatic.xyz/,info@designmatic.xyz
English,Devil Cookie Games UG,https://devilcookie.com/website/index.html,info@devilcookie.com
English,Dexai Arts UG,http://dexai-arts.com/,info@dexai-arts.com
English,Digidiced UG,https://digidiced.com,info@digidiced.com
English,DigiTales Interactive UG (haftungsbeschränkt),http://digitales.games/,contact@digitales.games
English,Digitalmindsoft e.K.,http://www.digitalmindsoft.eu/,info@digitalmindsoft.eu
English,Digitalsirup GmbH,https://www.digitalsirup.com/,contact@digitalsirup.com
English,Dionic Software (Oachkatzlschwoaf Interactive UG (haftungsbeschränkt)),https://dionicsoftware.com/,press@dionicsoftware.com
English,DIVR e.V.,https://divr.de/,contact@divr.de
English,Don VS Dodo,https://donvsdodo.de/,studio@donvsdodo.com
English,Doppel Real GbR,https://doppelreal.com/,info@doppelreal.com
English,Dot8 Studio,https://dot8studio.com/,business@dot8studio.com
English,DOTW GmbH (Ducks on the Water),www.ducks-on-the-water.com,post@ducks-on-the-water.com
English,Dreamfab GmbH & Co. KG,www.dreamfab.com,askthedevs@dreamfab.com
English,DU&I UG,https://duandigames.com/,contact@duandigames.com
English,Dutyfarm GmbH,www.dutyfarm.com,info@dutyfarm.com
English,Edurino GmbH,https://edurino.com/,info@edurino.com
English,Egosoft GmbH,www.egosoft.com,info@egosoft.com
English,Electronic Arts GmbH,www.ea.de,info@ea.com
English,Elysium Game Studio UG,https://www.elysiumgamestudio.com/,contact@elysiumgamestudio.co
English,encurio GmbH,https://www.encurio.com,info@encurio.com
English,Endzeit Entertainment,http://endzeit-entertainment.com/,info@endzeit-entertainment.com
English,Enigma Entertainment,http://enigmaentertainment.net/,contact@enigaentertainment.net
English,ENREVO UG,https://enrevo.de/,hello@enrevo.de
English,EntwicklerX GbR,https://entwickler-x.de/,mail@entwickler-x.de
English,Envision Entertainment GmbH,www.envision-entertainment.de,info@envision-entertainment.de
English,Epic Games Cologne GmbH,www.epicgames.com/,questions-DE@epicgames.com
English,epicsauerkraut studio,https://epicsauerkraut.com/,info@epicsauerkraut.com
English,Etermax Germany GmbH,http://www.etermax.com,hi@etermax.de
English,Evil Grog Games GmbH,https://evilgrog.com/,info@evilgroggames.com
English,Exit Adventures GmbH,exit-vr.de,hello@exit-vr.de
English,Expanding Focus GmbH,https://www.expanding-focus.de/,info@expanding-focus.de
English,Explorlings UG (haftungsbeschränkt),https://explorlings.com,contact@explorlings.com
English,Extraordinerdy GmbH,https://extraordinerdy.app/,support@avoidsociety.app
English,Faber Courtial GbR,https://faber-courtial.de/,public@faber-courtial.de
English,Fabula Games GmbH,https://www.fabula-games.de,info@fabula-games.de
English,Fairytale Distillery UG,www.fairytale-distillery.com,contact@fairydist.com
English,Famobi GmbH,www.famobi.com,info@famobi.com
English,Fantastic Foe UG (haftungsbeschränkt),https://fantasticfoe.com/,hello@fantasticfoe.com
English,Farbspiel Interactive GmbH & Co. KG,https://farbspiel-interactive.com/,info@farbspiel-interactive.com
English,FDG Entertainment GmbH & Co. KG,www.fdg-entertainment.com,press@fdg-entertainment.com
English,Fein Games GmbH,https://www.fein.games/,hello@fein.games
English,Feisty Fox Studios UG,https://www.feistyfoxstudios.com/,contact@feistyfoxstudios.com
English,FIERY THINGS GmbH,www.fierythings.com,info@fierythings.com
English,Firepunchd Games UG,www.firepunchd.com,press@firepunchd.com
English,fivefingergames GmbH,https://fivefingergames.com/,info@fivefingerames.com
English,flaregames GmbH,www.flaregames.com,info@flaregames.com
English,Flow Fire Games UG,https://www.flowfiregames.com/,info@flaregames.com
English,Flying Sheep Studios GmbH,www.flying-sheep.com,post@flyingpotato.de
English,Fourexo Entertainment GmbH,http://highrisecitygame.com/,highrisecitygame@gmail.com
English,framelocker GmbH,https://framelocker.com,info@framelocker.com
English,Frontiers of Fantasy GmbH,frontiersoffantasy.com,info@frontiersoffantasy.com
English,Fun Flavor Games,https://www.funflavorgames.com/,info@funflavorgames.com
English,FusionPlay GmbH,https://www.fusion-play.com/,info@fusion-play.com
English,Fynte Games GmbH,https://fyntegames.com,development@fyntegames.com
English,Gaijin Developments GmbH,https://gaijinent.com,press@gaijinent.com
English,Game Art Brain - Creation and Consulting GmbH,http://www.gameartbrain.com/,contact@gameartbrain.com
English,Game Matter UG,http://game-matter.com/,info@game-matter.com
English,GameBros. UG,http://www.gamebros-studio.com,info@gamebros-studio.com
English,GameExPro UG,https://www.gameexpro.com/,felix@gameexpro.com
English,GameFlow Studios GmbH,https://www.regain-earth.com/,publicmail@gameflow-studios.com
English,Games in Flames UG (haftungsbeschränkt),www.gamesinflames.com,info@gamesinflames.com
English,GAMEVIL COM2US Europe GmbH,https://gamevilcom2us.com/,info_eu@gamevilcom2us.com
English,gameXcite GmbH,www.gamexcite.de,info@gamexcite.de
English,gamigo AG,https://corporate.gamigo.com/,info@gamigo.com
English,Gaming Minds Studios GmbH,www.gamingmindsstudios.com,info@gamingmindsstudios.com
English,Gamma Minus UG,https://www.gammaminus.com,jeremiah@gammaminus.com
English,GE-MU Systems UG,http://ge-mu.de/,info@ge-mu.de
English,gentlymad Studios UG (haftungsbeschränkt),https://gentlymad.org,team@gentlymadstudios.com
English,Giant Gun Games UG,www.giantgungames.com,public@giantgungames.com
English,giantdoor UG (haftungsbeschränkt),https://giantdoor.games/,hello@giantdoor.games
English,GIANTS Software Entertainment GmbH,www.giants-software.com,mail_us@giants-software.com
English,Glaucus Games GmbH,http://www.glaucus-games.com,info@glaucus-games.com
English,Gloho Games UG,https://glohogames.com/,info@glohogames.com
English,Glome GmbH,https://glome.ai/,mail@glome.ai
English,Gold & Lumber Games UG,www.goldandlumber.com,business@goldandlumber.com
English,Golden Orb UG,https://www.golden-orb.de,mail@golden-orb.de
English,Goodgame Studios - Altigi GmbH,www.goodgamestudios.com,info@goodgamestudios.com
English,Google Germany GmbH,https://www.google.de,alampe@google.com
English,Grimbart Tales GmbH,https://www.grimbart-tales.com,contact@grimbart-tales.com
English,Grimlore Games GmbH,www.grimloregames.com,contact@grimbart-tales.com
English,Gunzilla GmbH,https://gunzillagames.com/,contact@gunzillagames.com
English,Hammer Labs Oliver Eberlei,www.hammer-labs.com,oliver@hammer-labs.com
English,Hammer Slammer Games GmbH,https://www.hammer-slammer.com/,info@hammerslammer.com
English,HandyGames - www.handy-games.com GmbH,www.handy-games.com,info@handy-games.com
English,Hanging Gardens Interactive UG (haftungsbeschränkt),hanging-gardens.studio,kontakt@hanging-gardens.studio
English,Happy Tuesday UG (haftungsbeschränkt),www.happy-tuesday.de/,contact@happy-tuesday.com
English,Happy&Trails 22 UG,https://wunderklub.com/,joerg@happyandtrails22.com
English,Headup GmbH,www.headupgames.com,info@headupgames.com
English,Hekate GmbH,http://www.hekate.games,legal@hekate.games
English,Hessburg – creating video games since 8 bits,https://www.hessburg.com,contact@hessburg.c0m
English,Hexagon Game Labs GmbH,www.hexagongamelabs.com,Info@HexagonGameLabs.com
English,HokaBento Studio GmbH,http://hokabentostudio.de/,contact@hokabentostudio.de
English,Holocafe GmbH,https://holocafe.de,hello@holocafe.de
English,holoride GmbH,https://www.holoride.com/,info@holoride.com
English,Honig Studios – Creative Agency GmbH,www.honigstudios.com/,hello@honigstudios.com
English,hOSHI UG (haftungsbeschränkt),https://hoshi.games/,info@hoshi.games
English,ICAROS GmbH,www.icaros.com,info@icaros.com
English,id Software,https://www.idsoftware.com/de-de,info@bethsoft.com
English,Ijsfontein Interactive Media GmbH,https://www.ijsfontein.nl/de/,info@ijsfontein.nl
English,IKOUYO,https://ikouyo.rocks/,info@ijsfontein.de
English,Incodra UG,https://www.incodra.com/de,info@incodra.com
English,IndieBurg Entertainment GmbH,https://indieburg.com/,info@indieburg.com
English,INTAPPs,www.intapps.games,info@intapps.games
English,"Intulo, Thomas Kronenberg",www.intulo.de,info@intulo.de
English,inverted Cat Games GbR,www.invertedcat.com,mail@invertedcat.com
English,INVR.SPACE GmbH,https://invr.space/,mail@invr.space
English,IPACS GbR,https://www.aerofly.com/,impressum@ipacs.de
English,it Matters Games UG,www.itmattersgames.com,info@itmattersgames.com
English,IT&W Games GmbH,https://www.industrial-technology-and-witchcraft.com/,hi@industrial-technology-and-witchcraft.com
English,Jam City Germany GmbH,https://www.jamcity.com,support@jamcity.com
English,JIW-Games e.K.,https://www.rising-world.net/,info@jiw-games.net
English,Jo-Mei GmbH,www.jo-mei.com,info@jo-mei.com
English,Joindots GmbH,www.joindots.de,info@joindots.de
English,Julian Höltge - Byting Games,www.bytinggames.com,julian@bytinggames.com
English,jumpsuit entertainment UG (Haftungsbeschränkt),www.jumpsuit-entertainment.com,daniel@jumpsuit-entertainment.com
English,Just2D Interactive GmbH,https://just2d.com/,info@just2d.com
English,justDice GmbH,https://justdice.io/,contact@justdice.io
English,K5 Factory GmbH,https://www.k5factory.com,INFO@K5FACTORY.COM
English,KAIKO GmbH,http://kaikogames.com/,info@kaikogames.com
English,kaleidoscube GmbH,https://kaleidoscube.com/,contact@kaleidoscube.com
English,Kalypso Media Group GmbH,https://www.kalypsomedia.com/,info@kalypsomedia.com
English,Kamibox e.K.,http://www.kamibox.de,info@kamibox.de
English,Karmitama Studios,http://karmitama.com,contact@karmitama.com
English,Keen Games Productions GmbH,www.keengames.com,info@keengames.com
English,Key17 Games,http://key17.com/,contact@key17.com
English,Klang Games GmbH,http://www.klang-games.com/,contact@klang-games.com
English,klutzGames,http://klutzgames.com/,info@klutzgames.com
English,KnotHorn Studio UG,www.knothorn.dev,info@knothorn.dev
English,Kolibri Games GmbH,https://www.kolibrigames.com,info@kolibrigames.com
English,Koma Studios UG,https://www.komastudios.com,info@komastudios.com
English,konzeptzwei GbR,www.konzeptzwei.com,hello@konzeptzwei.com
English,Krakentanz UG,www.krakentanz.com,krakentanz@protonmail.com
English,Kunst-Stoff GmbH,www.kunst-stoff.de,info@kunst-stoff.de
English,LAB132 GmbH,https://lab132.com/,hello@LAB132.com
English,Laughing Machines GmbH,https://undungeon.com/,info@undungeon.com
English,Legendary Play GmbH,https://www.legendaryplay.gg/,support@legendaryplay.gg
English,Levire UG & CO. KG,www.levire.com,info@levire.com
English,LIFE ACTION GAMES GMBH | Cluetivity,www.cluetivity.com,hello@cluetivity.com
English,Lightword Productions GmbH,https://oneof500-game.com/,kontakt@lightword.de
English,Limbic Entertainment GmbH,www.limbic-entertainment.de,info@limbic-entertainment.de
English,Lingoona GmbH,www.lingoona.com,info@lingoona.com
English,Lionmoon UG,lionmoon.com,info@lionmoon.com
English,LITE Games GmbH,https://www.lite.games,support@lite.games
English,LoCoNET GmbH,https://www.loconet.info,kontakt@loconet.info
English,LotsOfStuff,https://lotsofstuff.de/,lotsofstuffgames@gmail.com
English,Ludopium GmbH,www.ludopium.com,contact@ludopium.com
English,Lunatic Eye Studios UG (haftungsbeschränkt),https://lunaticeyestudios.com,contact@lunaticeyestudios.com
English,Lymb.io,https://lymb.io/,press@lymb.io
English,lyniat.games UG & Co. KG,https://lyniat.games,contact@lyniat.games
English,Machine Zone Germany GmbH,www.mz.com,support@machinezone.com
English,Mad About Pandas UG,www.madaboutpandas.com,patrick.rau@madaboutpandas.com
English,Maltaric & Truong GbR - Tiny Room Studio,https://www.tinyroomstudio.com/,TinyRoomStudioGames@gmail.com
English,Manatea Entertainment UG,https://www.manateaentertainment.com/,info@manateaentertainment.com
English,Manubyk GbR,https://www.manubyk.com/,faruq.suriaganda@web.de
English,Maschinen-Mensch UG,https://maschinen-mensch.com,info@maschinen-mensch.com
English,Massive Miniteam GmbH,https://massiveminiteam.com,contact@massiveminiteam.com
English,Masterbrain Bytes GmbH & Co. KG,www.masterbrain-bytes.com,info@masterbrain-bytes.com
English,Matthias Linda - Ark Heiral,http://www.chainedechoes.com/,arkheiral@chainedechoes.com
English,MBL Development UG,http://www.mbldev.com,info@mbldev.com
English,McPeppergames UG & Co. KG,www.mcpeppergames.com/,info@mcpeppergames.com
English,Megagon Industries GmbH,www.megagonindustries.com/,info@megagonindustries.com
English,MegaZebra GmbH,www.megazebra.com,info@megazebra.com
English,Mellow Mission,mellowmission.com,mail@mellowmission.com
English,Milkroom Studios GmbH,www.milkroomstudios.com,info@milkroomstudios.com
English,Mimimi Games GmbH,www.mimimi.games,mimi@mimimi.games
English,Misc Games AS,https://de.miscgames.com/,info@miscgames.no
English,MMO Joe UG,http://www.mmojoe.com,info@mmojoe.com
English,MobiusCode GmbH,http://moebiusgames.com,hi@moebiusgames.com
English,Moi Rai Games GmbH,http://monster-sanctuary.com/,info@moi-rai.com
English,Monoid Michael Nischt,www.monoid.net/,contact@monoid.net
English,MONOKEL GmbH & Co. KG,www.monokel.de/,info@monokel.de
English,Moonbyte Games UG,www.moonbytegames.com,info@moonbytegames.com
English,Mooneye Publishing GmbH,www.mooneyestudios.com,contact@mooneyestudios.com
English,Moonlit Games GmbH,https://www.moonlitgames.io/,info@moonlitgames.io
English,Mostly Games UG,https://mostlygames.gg/,most@peppered.games
English,mustard.games UG,https://mustard.games/,contact@mustard.games
English,MVP Good Games Easy UG (haftungsbeschränkt),http://www.mvpggez.com/,impressum@mvpggez.com
English,NanoTribe GmbH,https://www.nanotribe.com,support@nanotribe.com
English,narayana Games UG,http://narayana-games.net/,jashan@narayana-games.net
English,Navel GmbH & Co. KG,http://www.navel.cc,contact@navel.cc
English,Nementic Games GmbH,www.nementic.games,contact@nementic.games
English,Neomateria Games GmbH,https://neomateria.de,info@neomateria.de
English,Neon Lynx GmbH,https://www.neonlynx.com/,hello@neonlynx.com
English,Neopoly GmbH,https://www.neopoly.de,info@neopoly.de
English,NGDEV,https://www.ngdevteam.com,shop@ngdevteam.com
English,NightinGames,https://www.nightingames.com/,contact@nightingames.com
English,Niklas Reinhold und Korbinian Fischer Teavelop GbR,https://teavelop.com,contact@teavelop.com
English,Nine Worlds Studios,https://nineworldsstudios.com/,contact@nineworldsstudios.com
English,Nintendo of Europe GmbH,www.nintendo.de,info@nintendo.de
English,NORmALUM Mixed Realities UG,http://www.normalum.com,whatis@normalum.com
English,Nukklear GmbH,www.nukklear.com,zomtec@nukklear.com
English,Nurogames GmbH,www.nurogames.com,info@nurogames.com
English,October Night Games,https://octobearknight.games/,contact@octobernight.games
English,Off The Beaten Track UG (haftungsbeschränkt),https://beatentrack.games/,jens@beatentrack.games
English,Oilcatz,http://trialoftwo.slothsoft.net,info.oilcatz@gmail.com
English,Old-Kid-Studios UG,https://old-kid-studios.com,info@old-kid-studios.com
English,Osmotic Studios GmbH,https://www.osmoticstudios.com/,info@osmoticstudios.com
English,Overhype Studios UG Limited,www.battlebrothersgame.com,webmasters@outline-development.de
English,PandaBee Studios UG (haftungsbeschränkt),https://pandabee-studios.com,info@pandabee-studios.com
English,Pangolin Park GmbH,https://pangolinpark.com/,info@pangolinpark.com
English,pg5-Studio UG,https://www.pg5-studio.com/,contact@pg5-studio.com
English,phosphorus.games,phosphorus.games,shout@phosphorus.games
English,Photon Drop Studios UG (haftungsbeschränkt),https://photondropstudio.com,info@photondropstudio.com
English,"Photon Engine GmbH, Exit Games GmbH",https://www.photonengine.com,developer@photonengine.com
English,Pixel Beef Games GbR,www.pixelbeef.de,peter.mentz@pixelbeef.de
English,Pixel Lantern - Erdem Sen,https://www.pixellantern.com/,info@bardsgold.com
English,Pixel Maniacs - Benjamin Lochmann New Media GmbH,www.pixel-maniacs.com,info@pixel-maniacs.com
English,Pixelpogo GmbH,http://pixelpogo.games,mail@pixelpogo.games
English,Pixelsplit GmbH & Co. KG,http://www.pixelsplit.games,contact@pixelsplit.games
English,Players Beyond UG,www.playersbeyond.com,info@playersbeyond.com
English,Playgendary GmbH,https://www.playgendary.com,info@playgendary.com
English,PlayHeart Games,playheartgames.com,business@playheartgames.com
English,Point Blank Games UG,http://www.point-blank-games.com,mail@point-blank-games.com
English,Pokoko Studio UG,http://www.pokokostudio.com/,hello@pokokostudio.com
English,Polygon Art Studios,www.polygon-art.com,contact@polygon-art.com
English,PolyPirates UG,https://polypirates.com/,info@polynauten.com
English,Popcore GmbH,https://popcore.com,hello@popcore.com
English,prefrontal cortex Kirsten Freitag Herbst GbR,www.prefrontalcortex.de,contact@prefrontalcortex.de
English,PSYCRAFT UG,https://www.psycraft.games,webmaster@psycraft.games
English,Pumpernickel Studio Software GmbH & Co. KG,https://www.pumpernickel-studio.com,info@pumpernickel-studio.com
English,Purple Sloth Studio eG,https://purplesloth.studio/,kontakt@purplesloth.studio
English,Quality Applications GmbH,https://shattered-stars.com/,nfo@quality-applications.de
English,Quantum Gaming GmbH,www.q-gaming.com,info@q-gaming.com
English,Quizdom UG,https://www.quizdom.com/,hallo@quizdom.de
English,Racoon Games,racoon-games.com,info@racoon-games.com
English,racoonbytes UG (haftungsbeschränkt),www.racoonbytes.com,contact@racoonbytes.com
English,Radiation Blue UG,www.radiationblue.com,info@radiationblue.com
English,Radical Fish Games GmbH,www.radicalfishgames.com,contact@radicalfishgames.com
English,Radioactive Dreams UG,http://radioactivedreams.com/,office@radioactivedreams.com
English,Ravery UG,http://www.ravery.net,RaveryContact@gmail.com
English,Reakktor Studios,www.reakktor.com,contact@reakktor.com
English,Reija GmbH,https://reija.eu,info@reija.eu
English,Retrific Game Studio,http://www.retrific.net,contact@retrific.net
English,Rivers and Wine Studios GmbH,https://riversandwine.de/,hello@riversandwine.de
English,"Robot Cake Games - Haider, Maik; Lipka, Niklas GbR",https://robotcakegames.com/,info@robotcakegames.com
English,Robot Riot UG,https://www.robotriotgames.com,info@robotriotgames.com
English,Robotality UG,http://robotality.com,hello@robotality.com
English,RobotPumpkin Games GmbH,www.robotpumpkingames.de,hello@robotpumpkingames.de
English,ROCKFISH Games GmbH,https://rockfishgames.com,info@rockfishgames.com
English,Rohn Media GmbH,https://www.rohnmedia.com/,info@rohnmedia.com
English,rokaplay GmbH,www.rokaplay.com,hello@rokaplay.com
English,rose-engine GbR (Wittmann & Zwerger),www.rose-engine.org,hi@rose-engine.org
English,Runesoft GmbH,https://www.rune-soft.com,info@rune-soft.com
English,Salmi GmbH,salmi.de,mail@safkas.de
English,Sandbox Interactive GmbH,albiononline.com/de,info@sandbox-interactive.com
English,Savage Game Studios GmbH,https://www.savagegamestudios.com/,info@savagegamestudios.com
English,Schwiezer System GmbH,http://www.schwiezer.com,contact@schwiezer.com
English,Screen Head Media,www.screenheadmedia.com,games@screenheadmedia.com
English,Screen Juice Interactive GmbH,https://screen-juice.com,contact@screen-juice.com
English,seal Media GmbH,www.sealmedia.de,info@sealmedia.de
English,Second Peak Interactive GmbH,http://second-peak.com/,info@second-peak.com
English,Secret Item Games UG (haftungsbeschränkt),www.secret-item-games.com,contact@secret-item-games.com
English,SenAm Games UG,https://www.senam-games.com/,info@senam-games.com
English,Serious Brothers UG,https://www.imagineearth.info/serious-brothers-ug/,info@imagineearth.info
English,Shin'en Multimedia,www.shinen.com,info@shinen.com
English,SideQuest Studios GbR,www.sidequest-studios.com,contact@sidequest-studios.com
English,Silent Dreams GmbH,www.silentdreams.de,contact@silentdreams.de
English,SilentFuture UG (haftungsbeschränkt),www.silentfuture.de,info@silentfuture.de
English,simulogics GmbH,https://simulogics.net,contact@simulogics.net
English,SisyFox GmbH,https://sisyfox.com,contact@sisyfox.com
English,Six Foot Europe GmbH,www.6ft.com,info@6ft.com
English,SKILLFIRE GmbH,https://www.skillfire.io,info@skillfire.io
English,skilltree GmbH,www.skilltree.de,contact@skilltree.de
English,Skyward Assembly GmbH,https://skywardassembly.com,studio@skywardassembly.com
English,Sleeprunner Studios UG,https://sleeprunnerstudios.com/,hello@sleeprunnerstudios.com
English,Sleepy Seed oHG,https://sleepyseed.net/,mail@sleepyseed.net
English,Sluggerfly GmbH,www.sluggerfly.com,contact@sluggerfly.com
English,smuttlewerk interactive UG,https://smuttlewerk.com/,contact@smuttlewerk.de
English,Snipefish Entertainment UG,http://snipefish.de/,info@snipefish.de
English,Snowprint Studios Germany GmbH,http://www.snowprintstudios.com/,press@snowprintstudios.com
English,SOFTGAMES Mobile Entertainment Services GmbH,www.softgames.com,help@softgames.de
English,Solar Powered Games GmbH,http://solarpoweredgames.com,info@solarpoweredgames.de
English,SOLID WHITE design & digital media GmbH,https://www.solidwhite.de/,contact@solidwhite.de
English,Soul Pix Frank Sennholz,www.soulpix.de,info@soulpix.de
English,Spaces of Play UG (haftungsbeschränkt),www.spacesofplay.com,support@spacesofplay.com
English,Speaxel UG,https://speaxel.com/,hello@speaxel.com
English,Spellfusion GmbH,https://www.spellfusion.com,hello@spellfusion.com
English,Spellgarden Games UG,https://spellgardengames.com,hello@spellgardengames.com
English,Spinor GmbH,www.spinor.com,send_us_an_email@spinor.com
English,Splitscreen Studios GmbH,https://splitscreen-games.com,info@splitscreenstudios.com
English,Spooky House Studios UG,https://www.spookyhousestudios.com/,office@spookyhousestudios.com
English,Spoondrift Games,https://spoondrift.games/,hello@spoondriftgames.com
English,Spoonful Games,https://spoonful.games,tom@spoonful.games
English,SPREE Interactive GmbH,https://jointhespree.com/,info@jointhespree.com
English,Starberry Games GmbH,https://www.starberry.games/,contact@starberry.games
English,Stellar Cartography Interactive UG,https://stellarcartography.online,Hi@stellarcartography.online
English,Storm Chaser UG,www.stormchaser-games.com,contact@stormchaser-games.com
English,Storyyeller UG,https://storyyellergames.com/,info@story-dwelling.com
English,Stratosphere Games GmbH,www.stratosphere-games.com,info@stratosphere-games.com
English,Studio Fizbin GmbH,https://www.studio-fizbin.com/,hello@studio-fizbin.de
English,Studio Inkyfox UG,http://www.inkyfox.de/,contact@inkyfox.de
English,Studio Nachtwerk UG,https://studionachtwerk.de/,contact@studionachtwerk.de
English,Studio Seufz GmbH,www.studioseufz.com,xoxo@studioseufz.com
English,Studio Sterneck UG (haftungsbeschränkt) & Co. KG,www.studio-sterneck.com,info@studio-sterneck.com
English,Studio Windsocke UG (haftungsbeschränkt),https://linktr.ee/studiowindsocke,studio-windsocke@posteo.de
English,Sunday GmbH,https://sunday.gg,contact@sunday.gg
English,Sunlight Games GmbH,https://www.sunlight-games.com,pr@sunlight-games.com
English,Supra Games UG,www.supragames.de,hey@supragames.de
English,Supyrb - Gaschka & Deml GbR,https://www.supyrb.com,now@supyrb.com
English,Suspicious Games GmbH,http://www.suspicious.games/,contact@suspicious.games
English,Sviper GmbH,www.sviper.com,info@sviper.com
English,Take-Two Interactive GmbH,www.2k.com,info@take2.de
English,Team ADOM GmbH,http://www.team-adom.com/,thecreator@team-adom.com
English,Team Metacore,https://metacoregames.com,info@metacoregames.com
English,Telescope Game Studios UG,https://www.telescopeanimation.com/,contact@telescopeanimation.com
English,Tellux next GmbH,https://www.telluxnext.com,next@tellux.tv
English,Ten Eyes media GmbH,https://www.teneyes.de/,kontakt@teneyes.de
English,the binary family GmbH,http://thebinaryfamily.com,office@thebinaryfamily.com
English,the Good Evil GmbH,www.thegoodevil.com,hello@thegoodevil.com
English,The Unknown Machine,www.theunknownmachine.com,info@theunknownmachine.com
English,TheCodingMonkeys GmbH,www.codingmonkeys.de,impressum@codingmonkeys.de
English,THREAKS GmbH,www.threaks.com,info@threaks.com
English,Tiamat Games,https://tiamatgames.com,contact@tiamatgamestudio.com
English,Tiger Team Productions,www.tigerteam-productions.de,info@tigerteam-productions.de
English,Tikaro GmbH,http://www.tikaro.de/,contact@tikaro.de
English,Tilmann Hars und Georg Hobmeier Causa Creations GbR,causacreations.net,tilmann@causacreations.net
English,Tiny Crocodile Studios UG (haftungsbeschränkt),https://tinycrocodilestudios.de,development@tinycrocodilestudios.de
English,Tiny Roar UG (haftungsbeschränkt),www.tinyroar.de,moin@tinyroar.de
English,Toadman Interactive GmbH,http://toadmaninteractive.com/,info@toadmaninteractive.com
English,TomGrill Games GmbH,https://tomgrillgames.com/,contact@tomgrillgames.com
English,tool1game1 GmbH,http://absolute-matter.com/tool1.html,info@tool1games.com
English,Topicbird UG (haftungsbeschränkt),http://thetopicbird.com/about/,talk@thetopicbird.com
English,Toplitz Productions GmbH,https://www.toplitz-productions.com,info@toplitz-productions.com
English,Torched Hill UG,torchedhill.com,kai@torchedhill.com
English,Torito Games,https://toritogames.com,miguel@toritogames.com
English,Torpor Games UG,https://www.torporgames.com/,contact@torporgames.com
English,Toukana Interactive UG,https://www.toukana.com,contact@toukana.com
English,Trapped Predator UG (haftungsbeschränkt) & Co.KG,https://www.trapped-predator.com/,contact@trapped-predator.de
English,Try Hard Interactive GmbH,https://tryhardinteractive.wordpress.com/,contact@tryhard-interactive.com
English,Tunermaxx Media GmbH,www.tunermaxx.com,office@tunermaxx.com
English,Twin Drums UG,https://twindrums.com/,info@twindrums.com
English,Twisted Ramble Games UG,https://www.twisted-ramble.com/,contact@twisted-ramble.com
English,Two Pencils UG,https://www.two-pencils.de/,fabian.ramelsberger@two-pencils.de
English,TxK Gaming Studios GmbH,https://txkgaming.com/,contact@txkgaming.com
English,Ubisoft Berlin,berlin.ubisoft.com,berlin@ubisoft.com
English,Ubisoft Blue Byte GmbH,https://duesseldorf.ubisoft.com/de/,bluebyte@ubisoft.com
English,Ubisoft GmbH,https://www.ubisoft.com/en-US/office/germany.aspx,info.germany@ubisoft.com
English,Ubisoft Mainz,https://mainz.ubisoft.com/en/index.php,mainz@ubisoft.com
English,Umaiki Games,http://www.umaikigames.com/,info@umaiki.games
English,Umbukuu UG,https://umbukuu.com,play@umbukuu.com
English,Unfold Gaming Digital GmbH,https://www.unfold.net,hello@unfold.net
English,United Games Entertainment GmbH,https://www.unitedgames.io/,info@unitedgames.io
English,Upright Games GmbH,https://uprightgames.com/,info@uprightgames.com
English,Vescape GmbH,www.vescape.com,info@vescape.com
English,VestGames GmbH,https://eville-game.com/,info@eville-game.com
English,vidiludi software Gabriel Morgenstern,www.vidiludi.com,info@vidiludi.com
English,VIS Visual Imagination Software GbR,www.vis-games.de,info@vis-games.de
English,Visionkeeper UG (haftungsbeschränkt),https://www.visionkeeper.studio/,flame@visionkeeper.studio
English,Vonderland Munich EPG,http://vonder.land/,munich@vonder.land
English,Voodoo Germany GmbH,https://www.voodoo.io/,contact@voodoo.io
English,Walk The Frog UG (haftungsbeschränkt),www.walkthefrog.com,hello@walkthefrog.com
English,Walking Tree Games GmbH,https://thetribemustsurvive.com/,biz@walkingtreegames.com
English,Wargaming Germany GmbH,https://wargaming.com/,partner-eu@wargaming.net
English,WastedStudios UG,https://www.wastedstudios.com/,c.soellner@wastedstudios.com
English,Wayward Studio GmbH,https://wayward-studios.com/,contact@wayward-studios.com
English,Wegenbartho-Games e.K.,https://www.wegenbartho-games.com/,wegenbarth@gmail.com
English,Well Done Games UG,https://well-done-games.com,info@well-done-games.com
English,weltfern UG,https://www.weltfern.com,info@weltfern.com
English,WhalesDontFly H&F GmbH,www.whalesdontfly.com,hello@whalesdontfly.com
English,winterworks GmbH,https://www.winterworks.de/,contact@winterworks.de
English,Wolpertinger Games UG,https://wolpertingergames.com/,contact@wolpertingergames.com
English,Wondermore Games Studio UG,https://wondermoregames.com/,info@wondermoregames.com
English,wooga GmbH,www.wooga.com,info@wooga.com
English,Wunderfax N. Maierhöfer & M. Winter GbR,www.wunderfax.com,mail@wunderfax.com
English,XIMOTION UG,www.ximotion.net,info@ximotion.net
English,XYRALITY GmbH,www.xyrality.com,info@xyrality.com
English,YAGER Development GmbH,www.yager.de,contact@yager.de
English,Z-Software GmbH,https://z-software.net/site/,contact@z-software.net
English,Zeitland media & games GmbH,www.zeitland.com,contact@zeitland.com
English,ZeniMax Germany GmbH,www.zenimax.com,press@bethsoft.com
English,Zockrates Laboratories UG,http://zocklabs.de/,zocklabs@gmail.com
German,3DZUG / Matthias Gose GbR,https://www.3dzug.de,info@3dzug.de
German,accitio GmbH,https://www.accitio.com/,kontakt@accitio.com
German,Acid Mines Software UG (haftungsbeschränkt),www.acidmines.de,info@acidmines.de
German,Active Fungus GmbH,https://activefungus-studios.de/,info@activefungus-studios.de
German,ad-artists GmbH,www.ad-artists.de,info@ad-artists.de
German,adrastea GmbH & Co. KG,www.adrastea.com,info@adrastea.com
German,Aerosoft GmbH Luftfahrt-Datentechnik,www.aerosoft.com,marketing@aerosoft.com
German,Alchemical - Angelo Denecke & Ron Kaiser GbR,https://alchemical.studio/,info@alchemical.studio
German,Animation Arts Creative GmbH,www.animationarts.de,info@animationarts.de
German,Application Systems Heidelberg Software GmbH,www.application-systems.de,kontakt@application-systems.de
German,appp media UG (haftungsbeschränkt),www.apppmedia.com,support@apppmedia.com
German,Artfactory Jalokivi,https://www.artfactory-jalokivi.com/,artfactory.jalokivi@gmail.com
German,astragon Entertainment GmbH,www.astragon.de,presse@astragon.de
German,b-interaktive GmbH,www.b-interaktive.com/de,de-support @ binteraktive.com
German,Binary Impact GmbH,http://binaryimpact.de,kontakt@binaryimpact.de
German,Bit2Good UG,www.bit2good.com,contact@bit2good.com
German,BitSpree GmbH,bitspree.de,contact@bitspree.de
German,Bitteschön.tv und Bitteschön.games - Brückner Brückner GbR,https://bittegames.bitteschoen.games/,games@bitteschoen.tv
German,Bootcamp Bros. GmbH,http://bootcamp-bros.com/,management@bootcamp-bros.com
German,Bootsmann Games UG,www.bootsmann-games.de,mail@bootsmann-games.de
German,BufoProject GmbH,http://www.bufopro.de/,mail@bufopro.de
German,BUNTSPECHT Film & Digitales GmbH,https://buntspecht.com/,info@buntspecht.com
German,ByteRockers’ Games GmbH & Co. KG,www.byterockers.games,info@byterockers.games
German,cabuu GmbH,https://www.cabuu.app/,info@cabuu.de
German,Caipirinha Games GmbH,www.caipirinhagames.de,info@caipirinhagames.de
German,Capcom Entertainment Germany GmbH,www.capcom-germany.de,pr-ceg@capcom.com
German,CES Verlag Computer Education Systems GmbH,www.ces-verlag.de,cesar@ces-verlag.de
German,Chrizlie Medien GmbH,https://www.chrizlie-medien.com/,christian.liebisch@chrizlie-medien.com
German,Chromatrix GmbH,www.chromatrix.com,info@chromatrix.com
German,CipSoft GmbH,www.cipsoft.com,kontakt@cipsoft.com
German,City Domination GmbH & Co. KG,https://www.citydomination.games,al_capone@citydomination.games
German,Comunio GmbH,www.comunio.de,info@comunio.de
German,Crayon Games GmbH,https://crayon.games/,info@crayon.games
German,Creating Corner,http://creatingcorner.de/,contact@creatingcorner.de
German,Curious Electric GmbH,https://curious-electric.com/,dirkk@curious-electric.com
German,DICO Deutschland GmbH,www.dico4u.com,m.elsner@dico4u.com
German,doDings GbR,http://www.klangdings.de,support@dodings.de
German,Eggcode Games,https://www.eggcodegames.com/,sp@destrax.com
German,Emergo Entertainment GmbH,https://emergo-entertainment.de,studio@emergo-entertainment.de
German,ergofox GmbH,https://ergofox.me/,roehrs@ergofox.me
German,erlkönig GAMES GmbH,www.erlkoenig-games.com,info@erlkoenig-games.com
German,Eyerock Studios - Jean Brauner,www.eyerock.de,contact@eyerock.de
German,FAKT Software GmbH,www.fakt-software.com,info@fakt-software.de
German,Farbflut Entertainment GmbH,www.farbflut.de,support@farbflut.de
German,Flying Potato Entertainment UG,https://www.flyingpotato.de/,contact@flowfiregames.com
German,Fox & Sheep GmbH,www.foxandsheep.de,contact@foxandsheep.com
German,Frozen Donkey UG (haftungsbeschränkt),https://www.frozendonkey.com,dingdong@frozendonkey.com
German,Funatics Software GmbH,www.funatics.de,info@funatics.de
German,Funline Media GmbH,funline-media.de,info@funline-media.de
German,GameDuell GmbH,https://www.gameduell.de,presse@gameduell.de
German,gamefabrik GmbH,www.gamefab.de,info@gamefab.de
German,gamelynk.io UG (haftungsbeschränkt),gamelynk.io,info@gamelynk.io
German,Games Foundation GmbH,www.gamesfoundation.com,info@gamesfoundation.com
German,Gamify now! UG,www.gamify-now.de,info@gamify-now.de
German,Garlic Games UG,https://garlic-games.com/,info@garlic-games.com
German,Gentle Troll Entertainment GmbH,http://gentletroll.com/,hello@gentletroll.com
German,GOFRESH GmbH,www.gofresh.de,games@gofresh.de
German,Goji Interactive GmbH,https://eternal-escape.com,webmaster@eternal-escape.com
German,GonKu GbR,https://games-bw-players.mfg.de/de/details/gonku-gbr/,greta@gonku.de
German,Gönndyr Games GbR,https://www.goenndyrgames.com/,goenndyrgames@web.de
German,GroovIT GmbH,https://groov-it.com,webmaster@groov-it.com
German,grown arts,https://grownarts.com,mail@grownarts.com
German,halbautomaten Kommunikationsdesign GmbH,www.halbautomaten.com,info@halbautomaten.com
German,HighPassionStudios UG (haftungsbeschränkt),http://highpassionstudios.com/,info@highpassionstudios.com
German,Houben & Schlichter GbR,https://www.buero-wunderding.de/,post@buero-wunderding.de
German,Hypnotic Owl UG (haftungsbeschränkt),hypnoticowl.com,contact@hypnoticowl.com
German,Independent Arts Software GmbH,www.independent-arts-software.de,info@independent-arts-software.de
German,infoBoard Europe GmbH,https://www.infoboard.biz/,info@infoboard.biz
German,InnoGames GmbH,www.innogames.com,info@innogames.com
German,Interactive Media Foundation gGmbH,www.interactivemedia-foundation.com,info@interactivemedia-foundation.com
German,Irox Games UG (haftungsbeschränkt),www.irox-games.com,contact@irox-games.com
German,Jaysquared,https://www.jaysquared.com,jonathan@jaysquared.com
German,Kastanie Eins GmbH,www.kastanie-eins.de,clemens.petzold@kastanie-eins.de
German,KaSyX GmbH & Co. KG,https://www.kasyx.de/,info@kasyx.de
German,KIDDINX Media GmbH,www.kiddinx.de,online@kiddinx.de
German,KIDS interactive GmbH,www.kids-interactive.de,info@kids-interactive.de
German,KING Art GmbH,www.kingart-games.com,impressum@kingart-games.com
German,Konsonautic Solutions GmbH,https://konsonautic.com/,info@konsonautic.com
German,Korion Interactive GmbH,www.korion.de,info@korion.de
German,kr3m. media GmbH,www.kr3m.com,info@kr3m.com
German,Kreative Kraut UG,https://kreative-kraut.de/,info@kreative-kraut.de
German,Kuti UG,http://kuti-arcade.com,hello@kuti-arcade.com
German,Langer Martines GbR Besworn Games,https://de.besworngames.com/,info@besworngames.com
German,Leaderfy GmbH,leaderfy.io,kontakt@leaderfy.de
German,LEVOOBA GbR,https://www.levooba.com/,hello@levooba.com
German,Lifelight Entertainment,https://lifelight-entertainment.de/,contact@lifelight-entertainment-team.de
German,LISCINTEC GmbH,https://liscintec.com/de/uber-uns/,info@liscintec.com
German,Lotum media GmbH,www.lotum.de,info@lotum.de
German,LYREBIRD GAME + AUDIO GMBH,https://lyrebird-studio.com,mail@lyrebird-studio.com
German,m2p entertainment GmbH,de.m2p.com,info@m2p.com
German,magnussoft® Deutschland GmbH,www.magnussoft.de,post@magnussoft.com
German,Mediatrust GmbH & Co. KG,www.mediatrust.de,info@mediatrust.de
German,Medienwerkstatt Mühlacker Verlagsgesellschaft mbh,http://medienwerkstatt-online.de,info@medienwerkstatt-online.de
German,Meister Cody GmbH,www.meistercody.com,team@meistercody.com
German,Mixtvision Games,www.mixtvision.games,info@mixtvision.de
German,mmc - Agentur für interaktive Medien GmbH,https://mmc-agentur.de/,info@mmc-agentur.de
German,Mobile Learning Labs GmbH,www.ml-labs.com/,info@ml-labs.com
German,morphicon media AG,www.morphicon.com,info@morphicon.com
German,Mosaic Mask Studio UG,https://mosaicmask-studio.com/de_de/,info@mosaicmask-studio.com
German,MPG media production group,www.archaeologica.de,info@archaeologica.de
German,Nau-Hau GmbH,www.nau-hau.com,mail@nau-hau.com
German,Neobird GmbH & Co. KG,www.neobird.de,info@neobird.de
German,neoludic games UG,https://neoludic.games/,info@neoludic.games
German,Neox Studios GmbH,https://neox-studios.de,kontakt@neox-studios.de
German,netmin games GmbH,www.netmin.de,info@netmin.de
German,Noon Games Augmented Reality GmbH & Co KG,http://www.endederwelt.de,info@endederwelt.de
German,OFM Studios GmbH,www.ofm.gmbh,contact@ofm.gmbh
German,Outline Development,www.outline-development.de,webmasters@outline-development.de
German,Pabstein Games,http://pabsteingames.de/,kontakt@pabsteingames.de
German,PatientZero Games GmbH,https://www.patientzero-games.com/,info@PatientZero-Games.com
German,PeDePe GbR,https://pedepe.de/,kontakt@pedepe.de
German,Perdix Creations UG (haftungsbeschränkt),https://www.perdixcreations.de/,robertboehm@perdixcreations.de
German,Phoenix Reality GmbH,https://www.phoenix-reality.de/,hello@phoenix-reality.de
German,pianini Edutainment GmbH,https://www.pianini.app/,info@pianini.app
German,PIAS Education GmbH,https://www.pias-education.com/,info@pias-education.com
German,Piranha Bytes GmbH,www.piranha-bytes.com,info.spamblock@piranha-bytes.com
German,Pixelbeschleuniger F&C UG (i.G.),http://www.pixelbeschleuniger.games/,info@pixelbeschleuniger.games
German,Playa Games GmbH,www.playa-games.com,info@playa-games.com
German,Playata GmbH,www.playata.com,mail@playata.com
German,Playing History UG (haftungsbeschränkt) & Co. KG,http://playinghistory.de/,info@playinghistory.de
German,playzo GmbH,www.playzo.biz,christoph.suess@playzo.de
German,Ploonymoon Studios GbR,https://www.ploonymoon.com,mail@ploonymoon.com
German,PONG.Li Studios GmbH,www.pong.li,ping@pong.li
German,Pop Rocket Labs GmbH,www.poprocket.com,info@poprocket.com
German,PRODUKTIVKELLER Studios UG,https://produktivkeller.com,info.produktivkeller@gmail.com
German,PROLINE Software GmbH,www.proline-software.de,info@proline-software.de
German,Quantumfrog GmbH,www.quantumfrog.de,hallo@quantumfrog.de
German,Randwerk Games eG,https://www.abrissgame.com/,vorstand@randwerk.com
German,Rappbit,https://rappbit.com/mukana/,contact@rappbit.com
German,Rat King Entertainment GbR,https://www.ratking.de,jana@ratking.de
German,Ravage Games UG,https://ravagegames.com,contact@ravagegames.com
German,Ravensburger AG,www.ravensburger-gruppe.de,tellme@ravensburger-digital.com
German,Reality Twist GmbH,www.reality-twist.com,mail@reality-twist.com
German,Realmforge Studios GmbH,www.realmforgestudios.com,info@realmforgestudios.com
German,reFit Systems,https://www.refit-systems.com,info@refit-systems.com
German,refutura GmbH,https://refutura.de/,hallo@refutura.de
German,RetroBrain R&D GmbH,https://retrobrain.de,kontakt@retrobrain.de
German,Rhine Games,https://rhinegames.com/,info@rhinegames.com
German,Ritter Mobile Technology UG,https://www.ritter-mobile.com/,contact@ritter-mobile.com
German,RockAByte GmbH,www.rockabyte.com,info@rockabyte.com
German,Roflcopter Ink GmbH,https://www.roflcopter.ink,contact@roflcopter.ink
German,ROTxBLAU,www.rotxblau.de,mail@rotxblau.de
German,Scoyo GmbH,https://www.scoyo.de/,info@scoyo.de
German,Serious Games Solutions,https://www.serious-games-solutions.de/,mail@serious-games-solutions.de
German,SHPlay GmbH,https://www.shplay.de/,support@shplay.de
German,Since Idea GmbH,http://sinceidea.de,kontakt@sinceideagames.de
German,Sixteen Tons Entertainment / Promotion Software GmbH (Tübingen),www.sixteen-tons.de,info@sixteen-tons.com
German,SmokeStab GmbH,http://www.orbitalbullet.com/,hello@smokestab.com
German,so-na GmbH & Co. KG,https://www.so-na.com,info@so-na.com
German,Spicy Sushi Games UG,https://www.spicy-sushi.games/,contact@spicy-sushi.games
German,Spiele-Palast GmbH,https://www.spiele-palast.de/,jobs@spiele-palast.de
German,Springwald Software GmbH,www.springwald.de,info@springwald.de
German,Square Enix GmbH,www.square-enix.com/eu/de,presse@eu.square-enix.com
German,StickyStoneStudio GmbH,https://www.stickystonestudio.de,info@stickystonestudio.de
German,straightlabs GmbH & Co. KG,https://straightlabs.com/,info@str8labs.com
German,Studio Fluffy – Gesellschaft für Kunst und angewandte Mathematik UG,https://studiofluffy.de/,mail@studiofluffy.com
German,Studio Merkas - Spieleentwicklung und Unterhaltungssoftware e.U.,https://studiomerkas.de/,info@studiomerkas.de
German,Studio Monstrum (Alon & Reinke) GbR,http://www.studiomonstrum.com,hi@studiomonstrum.com
German,Sunrise Intelligence UG,https://sunrise-intell.com/,info@sunrise-intell.com
German,Swinging Lama Productions UG,https://swinging-lama.de,team@swinging-lama.de
German,takomat GmbH,www.takomat-games.com,lars.schnatmann@takomat.com
German,Terovania UG (haftungsbeschränkt),terovania.de,info@terovania.de
German,the nix company GmbH,https://nix.company,the@nix.company
German,Thera Bytes GmbH,https://therabytes.de,info@therabytes.de
German,TIL GMbH,www.prosodiya.de,info@prosodiya.de
German,Tivola Games GmbH,www.tivola.com,mail@tivola.de
German,TML-EDITION GmbH,tml-studios.de,info@tml-studios.de
German,TopWare Interactive - AC Enterprises e.K.,www.topware.com/de/index.html,office@topware.com
German,Totally Not Aliens UG (haftungsbeschränkt),http://totallynotaliens.com,mail@totallynotaliens.com
German,tox² interactive GmbH,https://toxtronyx.com/,info@toxtronyx.com
German,Travian Games GmbH,https://www.traviangames.com/de/,mail@traviangames.com
German,TREND Redaktions- und Verlagsgesellschaft GmbH,www.trendverlag.com,info@trendverlag.com
German,TRIBOOT Technologies GmbH,https://triboot.de/,business@triboot.de
German,TriTrie Games UG,https://tritriegames.de/,contact@tritriegames.de
German,Trollgames GmbH,www.trollgames.de,kontakt@trollgames.de
German,Trotzkind GmbH,https://trotzkind.com,mail@trotzkind.com
German,TURBO D3 GmbH,http://www.td3.com,info@td3.com
German,UniGlow Entertainment GmbH,https://uniglow-entertainment.net/,info@uniglow-entertainment.com
German,unikat media GmbH,www.unikatmedia.de,info@unikatmedia.de
German,"urbn pockets – Alraun, Futterlieb GbR",www.urbnpockets.com,info@urbn-pockets.com
German,Villa Hirschberg Online GmbH,www.villa-hirschberg.de,info@villa-hirschberg.de
German,Vollkorn Games Gbr,vollkorn.games,info@vollkorn.games
German,Voodoo Circus GmbH & Co. KG,https://voodoo-circus.com/,mail@voodoo-circus.com
German,Vrtainment GmbH,www.vrtainment.de,mad@vrtainment.de
German,Way Digital Solutions GmbH,https://www.way-ds.de/,Dennis.Fischer@waygroup.de
German,waza! UG,www.wazagames.com,contact@wazaservices.de
German,Wegesrand GmbH & Co. KG,https://www.wegesrand.co/,kontakt@wegesrand.net
German,weltenbauer. Software Entwicklung GmbH,https://www.weltenbauer-se.com/,mail@weltenbauer-se.com
German,Weltenmacher GmbH,https://www.weltenmacher.de,info@weltenmacher.de
German,Weltenwandler Designagentur GmbH,https://weltenwandlerdesign.de/,web@wwda.design
German,Whow Games GmbH,www.whow.com,info@whow.net
German,Wild River Games GmbH,https://wildriver.games/,info@wildriver.games
German,Winning Streak Games GmbH,https://winningstreakgames.de,gkoehler@winningstreak.de
German,wonderkind gmbh,www.wonderkind.de,info@wonderkind.de